{
    "swagger": "2.0",
    "info": {
        "title": "To-do List API",
        "description": "This is our final project",
        "version": "1.0.0"
    },
    "host": "https://cse341todolistapi.onrender.com",
    "basePath": "/",
    "schemes": [
        "https"
    ],
    "paths": {
        "/dailyToDo/{id}": {
            "get": {
                "description": "Get Your Daily To Do List",
                "produces": [
                    "application/json"
                ],
                "parameters": [
                    {
                        "name": "id",
                        "in": "path",
                        "required": true,
                        "type": "string"
                    }
                ],
                "responses": {
                    "200": {
                        "description": "OK"
                    },
                    "500": {
                        "description": "Internal Server Error"
                    }
                }
            },
            "put": {
                "description": "Add or Remove Tasks (Should be all add or all remove)",
                "parameters": [
                    {
                        "name": "id",
                        "in": "path",
                        "required": true,
                        "type": "string"
                    },
                    {
                        "name": "body",
                        "in": "body",
                        "schema": {
                            "type": "object",
                            "properties": {
                                "task0": {
                                    "example": "Water the plants."
                                },
                                "remove0": {
                                    "example": "task0"
                                }
                            }
                        }
                    }
                ],
                "responses": {
                    "204": {
                        "description": "No Content"
                    },
                    "400": {
                        "description": "Bad Request"
                    },
                    "500": {
                        "description": "Internal Server Error"
                    }
                }
            }
        },
        "/weeklyToDo/{id}": {
            "get": {
                "description": "Get Your Weekly To Do List",
                "produces": [
                    "application/json"
                ],
                "parameters": [
                    {
                        "name": "id",
                        "in": "path",
                        "required": true,
                        "type": "string"
                    }
                ],
                "responses": {
                    "200": {
                        "description": "OK"
                    },
                    "500": {
                        "description": "Internal Server Error"
                    }
                }
            },
            "put": {
                "description": "Add or Remove Tasks (Should be all add or all remove)",
                "parameters": [
                    {
                        "name": "id",
                        "in": "path",
                        "required": true,
                        "type": "string"
                    },
                    {
                        "name": "body",
                        "in": "body",
                        "schema": {
                            "type": "object",
                            "properties": {
                                "task0": {
                                    "example": {
                                        "task": "Go to the store.",
                                        "weekdays": "Monday and Friday",
                                        "time": "12:00pm",
                                        "timeEnd": "N/A",
                                        "location": "Walmart",
                                        "people": "N/A",
                                        "notes": "Carrots, Catfood, Garbage bags, penutbutter."
                                    }
                                },
                                "remove0": {
                                    "example": "task0"
                                }
                            }
                        }
                    }
                ],
                "responses": {
                    "204": {
                        "description": "No Content"
                    },
                    "400": {
                        "description": "Bad Request"
                    },
                    "500": {
                        "description": "Internal Server Error"
                    }
                }
            }
        },
        "/dailyComplete/{id}": {
            "get": {
                "description": "Get your daily complete list.",
                "produces": [
                    "application/json"
                ],
                "parameters": [
                    {
                        "name": "id",
                        "in": "path",
                        "required": true,
                        "type": "string"
                    }
                ],
                "responses": {
                    "200": {
                        "description": "OK"
                    },
                    "500": {
                        "description": "Internal Server Error"
                    }
                }
            },
            "put": {
                "description": "Add tasks to your daily complete list.",
                "parameters": [
                    {
                        "name": "id",
                        "in": "path",
                        "required": true,
                        "type": "string"
                    },
                    {
                        "name": "body",
                        "in": "body",
                        "schema": {
                            "type": "object",
                            "properties": {
                                "task0": {
                                    "example": "Water the plants."
                                },
                                "task1": {
                                    "example": "Exercise."
                                },
                                "task2": {
                                    "example": "Cook."
                                }
                            }
                        }
                    }
                ],
                "responses": {
                    "204": {
                        "description": "No Content"
                    },
                    "400": {
                        "description": "Bad Request"
                    },
                    "500": {
                        "description": "Internal Server Error"
                    }
                }
            },
            "delete": {
                "description": "Remove tasks from your daily complete list",
                "parameters": [
                    {
                        "name": "id",
                        "in": "path",
                        "required": true,
                        "type": "string"
                    }
                ],
                "responses": {
                    "204": {
                        "description": "No Content"
                    },
                    "500": {
                        "description": "Internal Server Error"
                    }
                }
            }
        },
        "/weeklyComplete/{id}": {
            "get": {
                "description": "Get your weekly complete list.",
                "produces": [
                    "application/json"
                ],
                "parameters": [
                    {
                        "name": "id",
                        "in": "path",
                        "required": true,
                        "type": "string"
                    }
                ],
                "responses": {
                    "200": {
                        "description": "OK"
                    },
                    "500": {
                        "description": "Internal Server Error"
                    }
                }
            },
            "put": {
                "description": "Add tasks to your weekly complete list.",
                "parameters": [
                    {
                        "name": "id",
                        "in": "path",
                        "required": true,
                        "type": "string"
                    },
                    {
                        "name": "body",
                        "in": "body",
                        "schema": {
                            "type": "object",
                            "properties": {
                                "task0": {
                                    "example": {
                                        "task": "Go to the store.",
                                        "weekdays": "Monday and Friday",
                                        "time": "12:00pm",
                                        "timeEnd": "N/A",
                                        "location": "Walmart",
                                        "people": "N/A",
                                        "notes": "Carrots, Catfood, Garbage bags, penutbutter."
                                    }
                                }
                            }
                        }
                    }
                ],
                "responses": {
                    "204": {
                        "description": "No Content"
                    },
                    "400": {
                        "description": "Bad Request"
                    },
                    "500": {
                        "description": "Internal Server Error"
                    }
                }
            },
            "delete": {
                "description": "Remove tasks from your weekly complete list.",
                "parameters": [
                    {
                        "name": "id",
                        "in": "path",
                        "required": true,
                        "type": "string"
                    }
                ],
                "responses": {
                    "204": {
                        "description": "No Content"
                    },
                    "500": {
                        "description": "Internal Server Error"
                    }
                }
            }
        },
        "/authorization/login": {
            "get": {
                "description": "This is the POST for the dailyToDo, dailyComplete, weeklyToDo, weeklyComplete, and user databases. Result is from the user database.",
                "parameters": [
                    {
                        "name": "body",
                        "in": "body",
                        "schema": {
                            "type": "object",
                            "properties": {
                                "identifier": {
                                    "example": "auth0"
                                },
                                "dailyToDoId": {
                                    "example": "id"
                                },
                                "dailyComplete": {
                                    "example": "id"
                                },
                                "weeklyToDo": {
                                    "example": "id"
                                },
                                "weeklyComplete": {
                                    "example": "id"
                                }
                            }
                        }
                    }
                ],
                "responses": {
                    "201": {
                        "description": "Logged Out"
                    },
                    "400": {
                        "description": "Bad Request"
                    },
                    "500": {
                        "description": "Internal Server Error"
                    }
                }
            }
        },
        "/authorization/callback": {
            "get": {
                "description": "This is part of the sign in process of auth0.",
                "parameters": [],
                "responses": {
                    "201": {
                        "description": "Logged Out"
                    },
                    "400": {
                        "description": "Bad Request"
                    },
                    "500": {
                        "description": "Internal Server Error"
                    }
                }
            }
        },
        "/logout": {
            "get": {
                "description": "Loggs the user out.",
                "parameters": [],
                "responses": {
                    "201": {
                        "description": "Logged Out"
                    },
                    "400": {
                        "description": "Bad Request"
                    },
                    "500": {
                        "description": "Internal Server Error"
                    }
                }
            }
        },
        "/user/{id}": {
            "get": {
                "description": "Gets the user's list ids. User must be logged in.",
                "parameters": [
                    {
                        "name": "id",
                        "in": "path",
                        "required": true,
                        "type": "string"
                    }
                ],
                "responses": {
                    "201": {
                        "description": "Logged Out"
                    },
                    "400": {
                        "description": "Bad Request"
                    },
                    "500": {
                        "description": "Internal Server Error"
                    }
                }
            },
            "delete": {
                "description": "This is the delete for the dailyToDo, dailyComplete, weeklyToDo, weeklyComplete, and user databases.",
                "parameters": [
                    {
                        "name": "id",
                        "in": "path",
                        "required": true,
                        "type": "string"
                    }
                ],
                "responses": {
                    "204": {
                        "description": "No Content"
                    },
                    "500": {
                        "description": "Internal Server Error"
                    }
                }
            }
        },
        "/api-docs": {
            "get": {
                "description": "Documentation",
                "parameters": [],
                "responses": {}
            }
        }
    }
}